threshold,sensitivity,specificity,ppv,npv,alert_rate,alerts_per_100_patient_days,true_positives,false_positives,true_negatives,false_negatives
0.049036557911554944,1.0,0.011065342056376706,0.09101707498144024,1.0,0.9899316528257515,98.99316528257515,1226,12244,137,0
0.054632561438864,1.0,0.022049915192633874,0.09194540272986351,1.0,0.9799367972367165,97.99367972367165,1226,12108,273,0
0.06052171618775741,0.99836867862969,0.032872950488651964,0.09274132444309743,0.9951100244498777,0.9699419416476813,96.99419416476813,1224,11974,407,2
0.06474825535531162,0.99836867862969,0.043857523624909134,0.09370693615066605,0.9963302752293578,0.9599470860586463,95.99470860586463,1224,11838,543,2
0.0684871633064538,0.9975530179445351,0.054761327841046765,0.09461550363608232,0.9955947136563876,0.9499522304696112,94.99522304696112,1223,11703,678,3
0.07225607730252602,0.9975530179445351,0.06574590097730393,0.09562157935887412,0.996328029375765,0.9399573748805762,93.99573748805761,1223,11567,814,3
0.07601794344207109,0.9967373572593801,0.07664970519344157,0.0965702544649913,0.9958027282266527,0.9299625192915412,92.99625192915411,1222,11432,949,4
0.080143202374395,0.9967373572593801,0.08763427832969874,0.09761942802364595,0.9963269054178145,0.919967663702506,91.99676637025061,1222,11296,1085,4
0.08401515929417294,0.9959216965742251,0.09853808254583636,0.09861088677111937,0.9959183673469387,0.909972808113471,90.99728081134711,1221,11161,1220,5
0.08801396909684171,0.9959216965742251,0.10952265568209353,0.09970602645761882,0.9963262307127112,0.8999779525244359,89.9977952524436,1221,11025,1356,5
0.09177574828669237,0.9959216965742251,0.1205072288183507,0.10082576383154418,0.9966599866399466,0.8899830969354009,88.9983096935401,1221,10889,1492,5
0.09563487383778321,0.9959216965742251,0.13149180195460786,0.10197093703023218,0.9969381506429884,0.8799882413463659,87.99882413463659,1221,10753,1628,5
0.0989988681441109,0.9951060358890701,0.1423956061707455,0.10305794897786788,0.996608253250424,0.8699933857573308,86.99933857573308,1220,10618,1763,6
0.10271726643329016,0.9918433931484503,0.15305710362652453,0.10391386087848231,0.994750656167979,0.8599985301682957,85.99985301682958,1216,10486,1895,10
0.10613925331057854,0.9910277324632952,0.16396090784266215,0.10504928237938786,0.994610485056345,0.8500036745792606,85.00036745792606,1215,10351,2030,11
0.10985757587880256,0.9885807504078303,0.1747031742185607,0.10603674540682415,0.9935691318327974,0.8400088189902256,84.00088189902256,1212,10218,2163,14
0.11334175032375064,0.9877650897226754,0.18568774735481786,0.10723457008766492,0.9935177182368193,0.8299404718159771,82.99404718159771,1211,10082,2299,15
0.11724258460192863,0.9861337683523654,0.19651078265083596,0.10836246302769562,0.993061224489796,0.8199456162269421,81.9945616226942,1209,9948,2433,17
0.12097803409919837,0.9845024469820555,0.20733381794685404,0.10951819254151166,0.9926527455529776,0.8099507606379069,80.99507606379069,1207,9814,2567,19
0.12457525083979241,0.9820554649265906,0.2180760843227526,0.11061093247588424,0.9919177075679647,0.7999559050488719,79.99559050488719,1204,9681,2700,22
0.128057699932687,0.9804241435562806,0.22889911961877069,0.11182435575402364,0.9916025192442267,0.7899610494598368,78.99610494598367,1202,9547,2834,24
0.13154559182818942,0.9796084828711256,0.23980292383490834,0.11316310185621407,0.9916499665998664,0.7799661938708018,77.99661938708017,1201,9412,2969,25
0.1354419663350934,0.9763458401305057,0.25046442129068736,0.11425026247971748,0.9907348242811501,0.7699713382817668,76.99713382817667,1197,9280,3101,29
0.13910545052366138,0.9747145187601958,0.26128745658670544,0.11555942365341842,0.9905082669932639,0.7599764826927317,75.99764826927317,1195,9146,3235,31
0.1433295829712227,0.9730831973898858,0.2721104918827235,0.11690347868691818,0.9902998236331569,0.7499816271036966,74.99816271036967,1193,9012,3369,33
0.1475863115169755,0.9706362153344209,0.2828527582586221,0.11818452676531929,0.9898247597512719,0.7399867715146615,73.99867715146615,1190,8879,3502,36
0.15203298158930503,0.9690048939641109,0.2936757935546402,0.11960132890365449,0.9896570495372891,0.7299919159256265,72.99919159256265,1188,8745,3636,38
0.15645358382058552,0.968189233278956,0.3045795977707778,0.1211595386342758,0.989763779527559,0.7199970603365915,71.99970603365915,1187,8610,3771,39
0.16084460238756368,0.967373572593801,0.31548340198691543,0.12276161888003312,0.9898631525595539,0.7100022047475564,71.00022047475564,1186,8475,3906,40
0.1650876241039028,0.965742251223491,0.3263064372829335,0.12430446194225722,0.9897109260166586,0.7000073491585214,70.00073491585214,1184,8341,4040,42
0.16969836815550957,0.9632952691680261,0.3370487036588321,0.1257854936627969,0.9893314366998578,0.6900124935694862,69.00124935694862,1181,8208,4173,45
0.17411989896586066,0.9575856443719413,0.34746789435425246,0.12687776937209555,0.9880569591180524,0.6800176379804512,68.00176379804512,1174,8079,4302,52
0.17892155353240452,0.9526916802610114,0.3579678539697924,0.12811231764834924,0.9870824053452116,0.6700227823914162,67.00227823914162,1168,7949,4432,58
0.18393039844307194,0.9502446982055465,0.3687908892658105,0.1297327394209354,0.9868165117786903,0.6599544352171677,65.99544352171677,1165,7815,4566,61
0.18897827358430505,0.9477977161500816,0.3795331556417091,0.13138851198552692,0.9865630904891874,0.6499595796281326,64.99595796281325,1162,7682,4699,64
0.19447367103239505,0.9461663947797716,0.39035619093772717,0.133210840606339,0.9865278628291488,0.6399647240390975,63.996472403909756,1160,7548,4833,66
0.19984605694244667,0.9437194127243067,0.4010984573136257,0.13497433504433037,0.9862959285004965,0.6299698684500624,62.99698684500624,1157,7415,4966,69
0.20544119343315528,0.9404567699836868,0.41175995476940475,0.13667614983404458,0.9858828079675112,0.6199750128610274,61.99750128610274,1153,7283,5098,73
0.2106658854290101,0.9380097879282219,0.4225022211453033,0.13855421686746988,0.9856792915017901,0.6099801572719924,60.99801572719924,1150,7150,5231,76
0.2168402145927467,0.9347471451876019,0.4331637186010823,0.14037236648701618,0.9853022230387654,0.5999853016829573,59.99853016829573,1146,7018,5363,80
0.22256656640571437,0.933115823817292,0.4439867538971004,0.1425012456402591,0.98530202545259,0.5899904460939223,58.99904460939223,1144,6884,5497,82
0.22845360004855134,0.9306688417618271,0.45472902027299894,0.14457678661936138,0.9851268591426072,0.5799955905048871,57.99955905048871,1141,6751,5630,85
0.23431443921626807,0.9282218597063622,0.46547128664889753,0.14672511603919547,0.9849598359254829,0.5700007349158521,57.00007349158521,1138,6618,5763,88
0.24080683683165008,0.9249592169657422,0.4761327841046765,0.14881889763779527,0.9846333723066645,0.5600058793268171,56.00058793268171,1134,6486,5895,92
0.24751298007348924,0.9200652528548124,0.4866327437202165,0.15072153928380544,0.983994773803691,0.550011023737782,55.001102373778195,1128,6356,6025,98
0.25432536990463894,0.9176182707993474,0.497375010096115,0.1531028851388133,0.9838632369388081,0.540016168148747,54.001616814874694,1125,6223,6158,101
0.26110258847655093,0.9143556280587276,0.508036507551894,0.15543538546866334,0.983580922595778,0.530021312559712,53.00213125597119,1121,6091,6290,105
0.2669447767538128,0.9061990212071778,0.5182133914869558,0.1570096099491238,0.9823916704945644,0.5200264569706768,52.002645697067685,1111,5965,6416,115
0.27410519397307637,0.9045676998368679,0.5290364267829739,0.15979827089337176,0.9824508774561272,0.5100316013816418,51.00316013816418,1109,5831,6550,117
0.2813899557326889,0.898042414355628,0.5393748485582748,0.16181657848324515,0.9816257533441128,0.5000367457926067,50.00367457926067,1101,5703,6678,125
0.28883417201626127,0.8964110929853181,0.5502786527744125,0.1648417579121044,0.981700288184438,0.4899683986183582,48.996839861835824,1099,5568,6813,127
0.296947922719169,0.8923327895595432,0.5608593813100718,0.16750880416475272,0.9813453928773318,0.47997354302932316,47.997354302932315,1094,5437,6944,132
0.3043444437390485,0.8890701468189234,0.5715208787658509,0.1704456606724003,0.9811425402107599,0.4699786874402881,46.99786874402881,1090,5305,7076,136
0.31167408374151945,0.8809135399673735,0.5816977627009127,0.1725515258028439,0.9801306477953184,0.459983831851253,45.998383185125306,1080,5179,7202,146
0.31942127387839286,0.8760195758564437,0.5921977223164526,0.17540421362077413,0.9796900053447354,0.44998897626221795,44.9988976262218,1074,5049,7332,152
0.3273469166037951,0.8735725938009788,0.6029399886923512,0.17888758977785202,0.9796587926509186,0.43999412067318294,43.999412067318296,1071,4916,7465,155
0.3365152849346088,0.867047308319739,0.6132784104676521,0.1816783455819518,0.9789840123775142,0.4299992650841479,42.99992650841479,1063,4788,7593,163
0.3453771874160115,0.865415986949429,0.6241014457636701,0.18565179352580927,0.9790927521540801,0.4200044094951128,42.00044094951128,1061,4654,7727,165
0.35332803145556557,0.8605220228384992,0.6346014053792101,0.18910198960387167,0.9786995515695067,0.41000955390607774,41.00095539060777,1055,4524,7857,171
0.36232415359023995,0.8572593800978793,0.6452629028349891,0.19309204482821973,0.9785644292013719,0.40001469831704267,40.00146983170427,1051,4392,7989,175
0.37204434188234764,0.8482871125611745,0.6553590178499313,0.19596758997550406,0.9775903614457832,0.39001984272800766,39.00198427280077,1040,4267,8114,186
0.38117041019146486,0.8425774877650897,0.6657782085453517,0.19976793656932895,0.977121858700806,0.3800249871389726,38.00249871389726,1033,4138,8243,193
0.3897425897147571,0.8376835236541599,0.6762781681608917,0.20397219463753724,0.9767848810079328,0.3700301315499375,37.00301315499375,1027,4008,8373,199
0.3994001761793785,0.833605220228385,0.6868588966965512,0.20861400285772608,0.9765732659623335,0.36003527596090246,36.003527596090244,1022,3877,8504,204
0.4089960702388398,0.8230016313213703,0.6967934738712543,0.21184127650640353,0.975463591135233,0.35004042037186744,35.00404203718674,1009,3754,8627,217
0.4189572759464249,0.8156606851549756,0.7070511267264357,0.2161227577263886,0.9748329621380847,0.3400455647828324,34.004556478283234,1000,3627,8754,226
0.4277976236098955,0.800978792822186,0.7166626282206607,0.21870824053452115,0.9732368103542832,0.32997721760858384,32.99772176085838,982,3508,8873,244
0.43666620785966725,0.7944535073409462,0.7270010499959616,0.22370234267340378,0.9727655895385281,0.31998236201954877,31.998236201954878,974,3380,9001,252
0.4471700563531016,0.7854812398042414,0.7370971650109038,0.2283072546230441,0.9719884971775482,0.3099875064305137,30.99875064305137,963,3255,9126,263
0.4572988761017809,0.7765089722675367,0.7471932800258461,0.233219010289074,0.9712335958005249,0.29999265084147864,29.999265084147865,952,3130,9251,274
0.46671535327344665,0.767536704730832,0.7572893950407883,0.23846933603649265,0.9704999482455232,0.28999779525244357,28.999779525244357,941,3005,9376,285
0.47679112548683283,0.7569331158238173,0.7672239722154914,0.24356955380577427,0.9695825252628356,0.28000293966340856,28.000293966340855,928,2882,9499,298
0.4864337893268906,0.7446982055464927,0.7769970115499556,0.24850299401197604,0.9684888754656197,0.2700080840743735,27.000808407437347,913,2761,9620,313
0.49646563731182597,0.7398042414355628,0.7874969711654956,0.25635952515545507,0.9683186016486245,0.2600132284853384,26.001322848533842,907,2631,9750,319
0.5055239600778303,0.7308319738988581,0.7975930861804378,0.26337448559670784,0.9676629103380696,0.25001837289630335,25.001837289630334,896,2506,9875,330
0.5149431443468622,0.7194127243066885,0.8074468944350214,0.2700551132884262,0.966734358379267,0.2400235173072683,24.002351730726833,882,2384,9997,344
0.5241140844695165,0.7120717781402937,0.8177045472902027,0.27891373801916935,0.9663071489930324,0.23002866171823327,23.002866171823328,873,2257,10124,353
0.5351346751252815,0.6965742251223491,0.8271545109441887,0.2852371409485638,0.9649486478846697,0.2200338061291982,22.00338061291982,854,2140,10241,372
0.5461519770744017,0.6786296900489397,0.836362167837816,0.29111266620014,0.9633454274816262,0.21003895054016314,21.003895054016315,832,2026,10355,394
0.5565667958481217,0.666394779771615,0.8461352071722801,0.30014695077149156,0.9624253559944879,0.2000440949511281,20.00440949511281,817,1905,10476,409
0.5670894841842248,0.6492659053833605,0.855423632986027,0.30781129156999226,0.9609835768079121,0.19004923936209303,19.004923936209302,796,1790,10591,430
0.5767459017798771,0.6313213703099511,0.8646312898796543,0.3159183673469388,0.9594873173792238,0.180054383773058,18.0054383773058,774,1676,10705,452
0.5893071448200691,0.6084828711256117,0.8733543332525644,0.32238547968885045,0.9574957938546002,0.17005952818402292,17.005952818402292,746,1568,10813,480
0.6017453153537923,0.5831973898858075,0.8819158387852355,0.32843362425355993,0.9552930883639545,0.15999118100977439,15.999118100977439,715,1462,10919,511
0.61155392464124,0.5570962479608483,0.8903158064776674,0.33463988241058307,0.9530520491094587,0.14999632542073932,14.999632542073932,683,1358,11023,543
0.6224923431409293,0.5367047308319739,0.8992811566109361,0.34540682414698165,0.9514612886686037,0.14000146983170428,14.000146983170428,658,1247,11134,568
0.6355170201110171,0.5138662316476346,0.9080041999838462,0.3561334087054833,0.9496536577124515,0.1300066142426692,13.000661424266921,630,1139,11242,596
0.6461383746292753,0.48694942903752036,0.9163233987561586,0.3655848132271892,0.9474695172874562,0.12001175865363416,12.001175865363416,597,1036,11345,629
0.6605671895399358,0.466557911908646,0.9252887488894274,0.38209752839011357,0.9459950454170107,0.1100169030645991,11.00169030645991,572,925,11456,654
0.6759464363586586,0.4396411092985318,0.9336079476617397,0.39603232916972814,0.9439000489955904,0.10002204747556405,10.002204747556405,539,822,11559,687
0.6901021782798583,0.4159869494290375,0.9422502221145304,0.4163265306122449,0.9421741237279923,0.090027191886529,9.0027191886529,510,715,11666,716
0.7053983874247571,0.3800978792822186,0.9496809627655278,0.4279155188246097,0.9392874261064068,0.08003233629749394,8.003233629749394,466,623,11758,760
0.7245849803881824,0.3531810766721044,0.9580001615378403,0.45435466946484787,0.9373320689110163,0.07003748070845889,7.003748070845889,433,520,11861,793
0.7440084738504105,0.32137030995106036,0.9658347467894354,0.48225214198286415,0.9349491790461298,0.06004262511942383,6.0042625119423825,394,423,11958,832
0.7676107556836563,0.28548123980424145,0.973265487440433,0.5139500734214391,0.9322296147300015,0.05004776953038877,5.004776953038878,350,331,12050,876
0.7929589462220121,0.24143556280587275,0.9798885388902351,0.5431192660550459,0.928801102434543,0.04005291394135371,4.005291394135371,296,249,12132,930
0.821950137140622,0.19249592169657423,0.98602697681932,0.5770171149144254,0.9249886346416124,0.03005805835231866,3.005805835231866,236,173,12208,990
0.8588490359639923,0.15252854812398042,0.9930538728697197,0.684981684981685,0.9220788960551972,0.020063202763283605,2.0063202763283607,187,86,12295,1039
0.9273190841735086,0.09461663947797716,0.9983038526774897,0.8467153284671532,0.9175946547884187,0.010068347174248548,1.0068347174248549,116,21,12360,1110
