rank,branch,variable,mean_abs_shap,mean_shap,n_encoded_features,shap_importance_pct,positive_shap_pct,mean_direction
1,temporal,plaquetes,0.0383183015655415,-0.0005943329901965575,2,8.287701319025278,34.56212285268503,decreases_mean_predicted_risk
2,static,codi_servei_admissor,0.03603195136171337,-0.0008546975522966707,20,7.793196426432125,68.82525535445197,decreases_mean_predicted_risk
3,temporal,creatinina,0.03442828788632895,0.0008590757152756247,2,7.446346922221113,30.926404258683593,increases_mean_predicted_risk
4,static,grup_diagnostic_ingres,0.027451057382925224,-0.0032678962542104267,19,5.937271621811584,37.960148279278734,decreases_mean_predicted_risk
5,temporal,TAM,0.0158527493174999,-0.0002682528105374184,2,3.428723248709167,41.45063944864483,decreases_mean_predicted_risk
6,static,diagnostic_ingres_prefix3,0.015367890945728957,0.0009902304545607878,20,3.3238553082449136,33.98546205817352,increases_mean_predicted_risk
7,temporal,bilirubina_total,0.015198924952726315,0.003946756300956456,2,3.2873103773407295,52.34375,increases_mean_predicted_risk
8,static,font_admissio,0.011290132253889173,0.002301015749985708,2,2.4418943468170613,80.97597518689214,increases_mean_predicted_risk
9,temporal,hemoglobina,0.0105146743505161,0.0003645050849414018,2,2.274173878370908,49.6452352812724,increases_mean_predicted_risk
10,temporal,antibiotic,0.010230878143866253,0.0015707048104291418,2,2.2127928124026446,53.125,increases_mean_predicted_risk
11,temporal,dia_relatiu,0.009123542534401024,-0.00221922880448442,2,1.9732919364185824,63.28125,decreases_mean_predicted_risk
12,temporal,urocultiu_resultat,0.009028208855537562,-0.0016451278036373183,20,1.9526726233544889,35.60617750780845,decreases_mean_predicted_risk
13,static,cirurgia,0.008893742679406144,-0.0017373353418779925,2,1.9235895100702927,37.5,decreases_mean_predicted_risk
14,temporal,dispositius_invasius_previs,0.00885795681160826,0.0049406350874226105,2,1.9158495380038456,27.34375,increases_mean_predicted_risk
15,temporal,pct_neutrofils,0.008773056359649027,-0.0008650200851852302,2,1.8974867828988249,49.15856400002405,decreases_mean_predicted_risk
16,temporal,leucocits,0.008548934762333907,0.0003845289823765604,2,1.8490124825827345,32.80056495247694,increases_mean_predicted_risk
17,temporal,temps_protrombina_pct,0.00837690080631833,0.0038591811689291204,2,1.8118039950993123,51.563718293723944,increases_mean_predicted_risk
18,temporal,SBP,0.008292485371033591,-0.00356148744183803,2,1.7935461421733738,25.47633429039453,decreases_mean_predicted_risk
19,temporal,TEMP,0.008252669774605882,-0.0016676355014751238,2,1.7849345973618875,16.142825515760585,decreases_mean_predicted_risk
20,temporal,antibiotics_previs_90d,0.008079678539458922,-0.0010178915394631284,2,1.747519064075398,43.75,decreases_mean_predicted_risk
21,temporal,porta_o2,0.007975049000431333,-0.001483729368713325,2,1.7248891892328306,16.391946707355945,decreases_mean_predicted_risk
22,temporal,dies_des_ingres,0.007870598056184033,-0.0016662842344027007,2,1.702297941890327,67.1875,decreases_mean_predicted_risk
23,temporal,vasopressor_qualsevol,0.007204051777540346,-0.006219113023008659,2,1.5581335022619702,0.78125,decreases_mean_predicted_risk
24,temporal,hematocrit,0.0068385104035090455,0.0008661030553772145,2,1.4790721241751645,36.87771736943167,increases_mean_predicted_risk
25,temporal,DBP,0.006418199983205156,-0.0007922242535513179,2,1.388164983659178,36.90093122782011,decreases_mean_predicted_risk
26,temporal,GLASGOW,0.006119083862890085,0.0004905810660922542,2,1.3234704391831722,2.34375,increases_mean_predicted_risk
27,static,COMORB_MALNUTRICIO_SEVERA,0.005935198284342126,-0.001547402801001754,2,1.2836986150255973,12.499999999999998,decreases_mean_predicted_risk
28,temporal,FIO2,0.005720168051357571,-0.0015854140233761364,2,1.237190646960045,7.812500000000001,decreases_mean_predicted_risk
29,static,edat,0.00570057329311947,0.0007708340151014835,2,1.2329525806298314,49.21875,increases_mean_predicted_risk
30,temporal,O2SAT,0.005363261430738994,-0.0007638678856155012,2,1.1599968427041327,39.86833863735086,decreases_mean_predicted_risk
31,static,hospitalitzacio_recent_90d,0.005350510496744561,0.001633590627233415,2,1.1572389978058215,24.218750000000004,increases_mean_predicted_risk
32,temporal,HR,0.005262226275890817,0.00010978704906315562,2,1.1381443818201102,52.53439707151575,increases_mean_predicted_risk
33,temporal,urea,0.005173578971985804,0.0004651573826231677,2,1.118971236156413,30.365745187035767,increases_mean_predicted_risk
34,static,COMORB_DIABETES_MELLITUS,0.005062509394613652,-0.0010948011509090711,2,1.0949484730045473,57.81249999999999,decreases_mean_predicted_risk
35,temporal,glucosa,0.005008130262149691,0.0008432826750433188,2,1.0831870433629398,39.779859881742425,increases_mean_predicted_risk
36,temporal,pcr,0.004962329898285449,8.605114398638539e-05,2,1.0732810788368172,52.68422595578639,increases_mean_predicted_risk
37,static,centre_origen,0.004901512358252887,0.0022723904569080127,2,1.0601271135994592,75.0,increases_mean_predicted_risk
38,temporal,RESP,0.004865842498204783,-0.00026020860968810545,2,1.0524122323523226,59.90099320854955,decreases_mean_predicted_risk
39,static,COMORB_IRC_DIALISI,0.004704797925327897,0.002634353796186396,2,1.0175805914777731,92.96875,increases_mean_predicted_risk
40,static,sexe,0.004682497141254451,-6.839170337408858e-05,2,1.0127572504101983,39.0625,decreases_mean_predicted_risk
41,static,diagnostic_ingres_codi,0.004080891215171505,-0.0015847982568857333,20,0.8826384814819128,22.47159991934374,decreases_mean_predicted_risk
42,temporal,cultiu_positiu_previ_90d,0.004029199832964275,7.840553890801381e-06,2,0.8714583738310467,35.9375,increases_mean_predicted_risk
43,temporal,got_ast,0.00383390452793654,-0.0007178176042642294,2,0.8292187888037887,38.08931094211956,decreases_mean_predicted_risk
44,temporal,granulocits_immadurs,0.0034550247685904475,-0.0005225570389508901,2,0.7472725084887881,44.744314313600526,decreases_mean_predicted_risk
45,static,urgencia_cirurgia,0.0034378917881485414,0.00020032934712477772,2,0.7435668895337219,46.875,increases_mean_predicted_risk
46,static,reingres_30d,0.0027431880287631287,0.0003782781074728053,2,0.5933123890010613,60.15624999999999,increases_mean_predicted_risk
47,static,temps_cirurgia,0.0027140297114981713,-0.0008392607817739021,2,0.5870058614519734,40.56281049388564,decreases_mean_predicted_risk
48,static,COMORB_ENOLISME_SEVER,0.002661894172206011,-0.0007939868003039178,2,0.5757296889676403,25.0,decreases_mean_predicted_risk
49,static,COMORB_NEOPLASIA_SOLIDA,0.0026359914183803046,4.8368917896480064e-06,2,0.5701272932904597,52.34375,increases_mean_predicted_risk
50,temporal,hemocultiu_positiu,0.002557182708928211,-0.0008657834705355487,2,0.5530820950798965,25.0,decreases_mean_predicted_risk
51,temporal,vasopressor_noradrenalina,0.002424964127505009,-0.0022594955545759657,2,0.5244851044281466,12.5,decreases_mean_predicted_risk
52,temporal,atb_duracio,0.002211056241902506,-0.0006666141865773346,2,0.478219884070572,45.3125,decreases_mean_predicted_risk
53,static,COMORB_CIRROSI_HEPATICA,0.002115731203142945,0.0006947656360824393,2,0.4576024397375435,12.5,increases_mean_predicted_risk
54,static,COMORB_MALABSORTIVES,0.0014141785550419558,-0.001403725327251568,2,0.30586662240004353,1.5625,decreases_mean_predicted_risk
55,static,COMORB_TRASPLANT_ORGAN_SOLID,0.0011557292314278008,0.00018706519699109437,2,0.24996772519671823,52.34375,increases_mean_predicted_risk
56,static,COMORB_NEUTROPENIA_GREU,0.0010653222014396274,0.0008184518990443589,2,0.23041397591582796,44.53125,increases_mean_predicted_risk
57,static,COMORB_NEOPLASIA_HEMATOLOGICA,0.0009877751401298023,2.4287332550768183e-05,2,0.21364165417801062,63.28125,increases_mean_predicted_risk
58,static,COMORB_TRASPLANT_MOLL_OS,0.0008148379116615294,0.0005306422919281433,2,0.17623780176473036,56.25,increases_mean_predicted_risk
59,temporal,colonitzacio_previa_blee,0.0007230313308186309,-0.00020342784692496915,2,0.15638134962408762,47.65624999999999,decreases_mean_predicted_risk
60,temporal,colonitzacio_previa_cre,0.0005259871164323292,0.0005259871164323292,2,0.11376350048266848,0.78125,increases_mean_predicted_risk
61,temporal,colonitzacio_previa_vre,0.0003764522793295148,0.0003764522793295148,2,0.0814212510597011,0.78125,increases_mean_predicted_risk
62,temporal,ag_pneumococ,0.0002807955856588274,-0.0002807955856588274,2,0.06073207450650358,0.0,decreases_mean_predicted_risk
63,static,COMORB_VIH_SIDA,7.56686525010098e-05,-7.56686525010098e-05,2,0.0163660487422395,0.0,decreases_mean_predicted_risk
64,static,COMORB_ASPLENIA,0.0,0.0,2,0.0,,increases_mean_predicted_risk
65,static,COMORB_AGAMMAGLOBULINEMIA,0.0,0.0,2,0.0,,increases_mean_predicted_risk
66,static,COMORB_ESPLENECTOMIA,0.0,0.0,2,0.0,,increases_mean_predicted_risk
67,static,COMORB_HIPOGAMMAGLOBULINEMIA,0.0,0.0,2,0.0,,increases_mean_predicted_risk
68,temporal,ag_legionella,0.0,0.0,2,0.0,,increases_mean_predicted_risk
69,temporal,colonitzacio_previa_mrsa,0.0,0.0,2,0.0,,increases_mean_predicted_risk
70,temporal,vasopressor_dobutamina,0.0,0.0,2,0.0,,increases_mean_predicted_risk
71,temporal,vasopressor_adrenalina,0.0,0.0,2,0.0,,increases_mean_predicted_risk
72,temporal,vasopressor_multiple,0.0,0.0,2,0.0,,increases_mean_predicted_risk
73,temporal,vasopressor_dopamina,0.0,0.0,2,0.0,,increases_mean_predicted_risk
