model,label,tuning_method,candidate,trial,hyperparameters,status,valid_auprc,valid_auroc,valid_episode_auprc,valid_episode_auroc,seconds,best
lightgbm,LightGBM,optuna,1,0,"{""colsample_bytree"": 0.8803345035229626, ""learning_rate"": 0.015256811898068502, ""min_child_samples"": 15, ""n_estimators"": 250, ""num_leaves"": 15, ""subsample"": 0.9598528437324805}",ok,0.3394690552714462,0.8098446044297573,0.5599342968411105,0.8234637830415379,4.166,False
lightgbm,LightGBM,optuna,2,1,"{""colsample_bytree"": 0.8574269294896714, ""learning_rate"": 0.016362239850894633, ""min_child_samples"": 26, ""n_estimators"": 400, ""num_leaves"": 31, ""subsample"": 0.7912726728878613}",ok,0.35401956324096345,0.8191961595455045,0.5815308594239343,0.8388380254705522,7.386,False
lightgbm,LightGBM,optuna,3,2,"{""colsample_bytree"": 0.7599021346475079, ""learning_rate"": 0.026969628335735185, ""min_child_samples"": 51, ""n_estimators"": 300, ""num_leaves"": 31, ""subsample"": 0.935552788417904}",ok,0.35505219189752435,0.8194951989275133,0.5835688345667642,0.8405046029031517,5.404,False
lightgbm,LightGBM,optuna,4,3,"{""colsample_bytree"": 0.9425192044349383, ""learning_rate"": 0.011926324174062874, ""min_child_samples"": 96, ""n_estimators"": 350, ""num_leaves"": 63, ""subsample"": 0.9896896099223678}",ok,0.35036784433775736,0.8168192176052438,0.579981911193796,0.8374239279576632,7.746,False
lightgbm,LightGBM,optuna,5,4,"{""colsample_bytree"": 0.777633994480005, ""learning_rate"": 0.03822726574649208, ""min_child_samples"": 13, ""n_estimators"": 250, ""num_leaves"": 31, ""subsample"": 0.9727961206236346}",ok,0.3532704038592117,0.8193126179589062,0.5766584862829948,0.8387272702458975,4.231,False
lightgbm,LightGBM,optuna,6,5,"{""colsample_bytree"": 0.9684482051282947, ""learning_rate"": 0.13814017620274424, ""min_child_samples"": 80, ""n_estimators"": 400, ""num_leaves"": 63, ""subsample"": 0.9818496824692567}",ok,0.3092465311807793,0.7822114892857251,0.538098218539346,0.8169242381772734,5.903,False
lightgbm,LightGBM,optuna,7,6,"{""colsample_bytree"": 0.9486212527455788, ""learning_rate"": 0.02413338039141455, ""min_child_samples"": 45, ""n_estimators"": 350, ""num_leaves"": 15, ""subsample"": 0.7814047095321688}",ok,0.35396669676792203,0.8182476161078781,0.5732574948735886,0.8343936440148612,5.416,False
lightgbm,LightGBM,optuna,8,7,"{""colsample_bytree"": 0.7596147044602517, ""learning_rate"": 0.012237095811188047, ""min_child_samples"": 99, ""n_estimators"": 250, ""num_leaves"": 127, ""subsample"": 0.9316734307889972}",ok,0.35083360133091723,0.8161063448399692,0.5897260613150104,0.8414588825165267,7.187,False
lightgbm,LightGBM,optuna,9,8,"{""colsample_bytree"": 0.958931027762678, ""learning_rate"": 0.012220339394068061, ""min_child_samples"": 42, ""n_estimators"": 150, ""num_leaves"": 15, ""subsample"": 0.7347607178575388}",ok,0.3087156422135129,0.7965941890832721,0.4958023076362064,0.8048506064242229,3.036,False
lightgbm,LightGBM,optuna,10,9,"{""colsample_bytree"": 0.8416644775485848, ""learning_rate"": 0.0721246051988986, ""min_child_samples"": 68, ""n_estimators"": 350, ""num_leaves"": 15, ""subsample"": 0.9661638227728979}",ok,0.3512442162120292,0.8185102906063605,0.5741227745283504,0.8369851063092685,4.43,False
lightgbm,LightGBM,optuna,11,10,"{""colsample_bytree"": 0.711617559988355, ""learning_rate"": 0.04066857741116596, ""min_child_samples"": 60, ""n_estimators"": 500, ""num_leaves"": 31, ""subsample"": 0.886652161568893}",ok,0.3545817267819381,0.8174649893427186,0.582491638539514,0.8393765793117639,7.188,False
lightgbm,LightGBM,optuna,12,11,"{""colsample_bytree"": 0.7029157256507257, ""learning_rate"": 0.03817216911680544, ""min_child_samples"": 57, ""n_estimators"": 500, ""num_leaves"": 31, ""subsample"": 0.8756084453549281}",ok,0.34940580341812466,0.8177094158316865,0.5792797928615826,0.8408930335488598,6.821,False
lightgbm,LightGBM,optuna,13,12,"{""colsample_bytree"": 0.7013969775854346, ""learning_rate"": 0.036876870745305705, ""min_child_samples"": 59, ""n_estimators"": 500, ""num_leaves"": 31, ""subsample"": 0.8843984364312336}",ok,0.34792070411138454,0.8167893388854087,0.5826990852649978,0.8419916623886805,6.946,False
lightgbm,LightGBM,optuna,14,13,"{""colsample_bytree"": 0.7672983798041839, ""learning_rate"": 0.06005584759558646, ""min_child_samples"": 39, ""n_estimators"": 150, ""num_leaves"": 31, ""subsample"": 0.8827221590301233}",ok,0.35772211794537806,0.8175598406602773,0.5797933141416995,0.8393109660270158,2.96,True
lightgbm,LightGBM,optuna,15,14,"{""colsample_bytree"": 0.7829831799925159, ""learning_rate"": 0.07627483150131076, ""min_child_samples"": 37, ""n_estimators"": 150, ""num_leaves"": 127, ""subsample"": 0.8317624321750511}",ok,0.3409781270999734,0.8079821575018081,0.5726570134224066,0.8366008749137841,3.855,False
lightgbm,LightGBM,optuna,16,15,"{""colsample_bytree"": 0.8127021253466743, ""learning_rate"": 0.07166016110763113, ""min_child_samples"": 31, ""n_estimators"": 200, ""num_leaves"": 31, ""subsample"": 0.9195433488393387}",ok,0.34831432272399876,0.8177612647918325,0.5780065648429596,0.8383152188176801,3.524,False
lightgbm,LightGBM,optuna,17,16,"{""colsample_bytree"": 0.7459632396307543, ""learning_rate"": 0.02659580514808915, ""min_child_samples"": 49, ""n_estimators"": 200, ""num_leaves"": 31, ""subsample"": 0.8376983641598341}",ok,0.3559520398837295,0.8182033629195201,0.586235922545551,0.8395314266637692,3.833,False
lightgbm,LightGBM,optuna,18,17,"{""colsample_bytree"": 0.7390710648457444, ""learning_rate"": 0.10352650678762698, ""min_child_samples"": 74, ""n_estimators"": 200, ""num_leaves"": 31, ""subsample"": 0.843227101951529}",ok,0.3500087577777966,0.8167934948720975,0.5827051632629735,0.8420824711747718,3.51,False
lightgbm,LightGBM,optuna,19,18,"{""colsample_bytree"": 0.8079925178723812, ""learning_rate"": 0.05733958998444352, ""min_child_samples"": 26, ""n_estimators"": 200, ""num_leaves"": 127, ""subsample"": 0.8137074156292947}",ok,0.3382738054309329,0.8070074071384115,0.5732436412566447,0.8390054705732292,4.786,False
lightgbm,LightGBM,optuna,20,19,"{""colsample_bytree"": 0.8948047808221138, ""learning_rate"": 0.023405063462963033, ""min_child_samples"": 86, ""n_estimators"": 150, ""num_leaves"": 63, ""subsample"": 0.7079199814411843}",ok,0.34656377533767807,0.8159856699158009,0.5763359550248627,0.8365011427209672,3.743,False
lightgbm,LightGBM,optuna,21,20,"{""colsample_bytree"": 0.7428282950158338, ""learning_rate"": 0.053623074370753435, ""min_child_samples"": 49, ""n_estimators"": 200, ""num_leaves"": 31, ""subsample"": 0.8645821854049507}",ok,0.3541109048415909,0.8190660327778232,0.5841280436833398,0.8406867453816121,3.692,False
lightgbm,LightGBM,optuna,22,21,"{""colsample_bytree"": 0.8023557983838006, ""learning_rate"": 0.024274976466415528, ""min_child_samples"": 50, ""n_estimators"": 300, ""num_leaves"": 31, ""subsample"": 0.9194070446078509}",ok,0.3515874617849258,0.8182406054021775,0.585824230914659,0.840561292781174,5.391,False
lightgbm,LightGBM,optuna,23,22,"{""colsample_bytree"": 0.7394290956892049, ""learning_rate"": 0.027757584202403367, ""min_child_samples"": 37, ""n_estimators"": 300, ""num_leaves"": 31, ""subsample"": 0.9034523810664297}",ok,0.3497047143291194,0.8194036159101661,0.5844338518308984,0.8408095734506604,5.019,False
lightgbm,LightGBM,optuna,24,23,"{""colsample_bytree"": 0.7655544444814468, ""learning_rate"": 0.018149295840231606, ""min_child_samples"": 55, ""n_estimators"": 150, ""num_leaves"": 31, ""subsample"": 0.9473896676565942}",ok,0.3388841364552464,0.8115989654417602,0.5587223368290969,0.8285288661709452,3.197,False
lightgbm,LightGBM,optuna,25,24,"{""colsample_bytree"": 0.7291782563393849, ""learning_rate"": 0.029040203627376478, ""min_child_samples"": 67, ""n_estimators"": 300, ""num_leaves"": 31, ""subsample"": 0.8508979672593406}",ok,0.35473114668030303,0.8194396378239173,0.5876395045187373,0.8409728193031134,5.229,False
lightgbm,LightGBM,optuna,26,25,"{""colsample_bytree"": 0.7883501365490357, ""learning_rate"": 0.04902017529766031, ""min_child_samples"": 38, ""n_estimators"": 250, ""num_leaves"": 31, ""subsample"": 0.8212506262708488}",ok,0.34954688404764744,0.8174121518226322,0.5836057709659878,0.8425926800769723,3.986,False
lightgbm,LightGBM,optuna,27,26,"{""colsample_bytree"": 0.8225960169893582, ""learning_rate"": 0.03174815278114624, ""min_child_samples"": 22, ""n_estimators"": 200, ""num_leaves"": 31, ""subsample"": 0.7843996550559514}",ok,0.3536509253972574,0.8189984576447459,0.585759062451927,0.8391351224238912,4.092,False
lightgbm,LightGBM,optuna,28,27,"{""colsample_bytree"": 0.7576913355991771, ""learning_rate"": 0.020578022614109282, ""min_child_samples"": 50, ""n_estimators"": 450, ""num_leaves"": 127, ""subsample"": 0.8941176587898625}",ok,0.354178261249354,0.8138410294742172,0.5908166432887212,0.8441973185687696,10.805,False
lightgbm,LightGBM,optuna,29,28,"{""colsample_bytree"": 0.7288901625130384, ""learning_rate"": 0.09904903642985712, ""min_child_samples"": 31, ""n_estimators"": 150, ""num_leaves"": 63, ""subsample"": 0.8535486946273879}",ok,0.3429280484917708,0.8094102533840525,0.5733840910703079,0.8374674951787359,3.137,False
lightgbm,LightGBM,optuna,30,29,"{""colsample_bytree"": 0.8950621863390266, ""learning_rate"": 0.01430348798457192, ""min_child_samples"": 67, ""n_estimators"": 250, ""num_leaves"": 15, ""subsample"": 0.9451817864675639}",ok,0.3360376398272539,0.8092189468608683,0.5474710420630816,0.8206767931585816,3.919,False
